-- phpMyAdmin SQL Dump
-- version 4.7.4
-- https://www.phpmyadmin.net/
--
-- Anamakine: 127.0.0.1:3306
-- Üretim Zamanı: 20 Ara 2017, 16:06:05
-- Sunucu sürümü: 5.7.19
-- PHP Sürümü: 7.1.9

SET SQL_MODE = "NO_AUTO_VALUE_ON_ZERO";
SET AUTOCOMMIT = 0;
START TRANSACTION;
SET time_zone = "+00:00";


/*!40101 SET @OLD_CHARACTER_SET_CLIENT=@@CHARACTER_SET_CLIENT */;
/*!40101 SET @OLD_CHARACTER_SET_RESULTS=@@CHARACTER_SET_RESULTS */;
/*!40101 SET @OLD_COLLATION_CONNECTION=@@COLLATION_CONNECTION */;
/*!40101 SET NAMES utf8mb4 */;

--
-- Veritabanı: `placement`
--

-- --------------------------------------------------------

--
-- Tablo için tablo yapısı `authority_info`
--

DROP TABLE IF EXISTS `authority_info`;
CREATE TABLE IF NOT EXISTS `authority_info` (
  `id` int(11) NOT NULL AUTO_INCREMENT,
  `username` varchar(10) NOT NULL,
  `password` varchar(8) NOT NULL,
  PRIMARY KEY (`id`)
) ENGINE=MyISAM AUTO_INCREMENT=2 DEFAULT CHARSET=utf8;

--
-- Tablo döküm verisi `authority_info`
--

INSERT INTO `authority_info` (`id`, `username`, `password`) VALUES
(1, 'ugur', '1905');

-- --------------------------------------------------------

--
-- Tablo için tablo yapısı `city`
--

DROP TABLE IF EXISTS `city`;
CREATE TABLE IF NOT EXISTS `city` (
  `city_ID` int(2) NOT NULL AUTO_INCREMENT,
  `city_name` varchar(50) COLLATE utf8_turkish_ci NOT NULL,
  PRIMARY KEY (`city_ID`)
) ENGINE=MyISAM AUTO_INCREMENT=4 DEFAULT CHARSET=utf8 COLLATE=utf8_turkish_ci;

--
-- Tablo döküm verisi `city`
--

INSERT INTO `city` (`city_ID`, `city_name`) VALUES
(1, 'Ankara'),
(2, 'İstanbul'),
(3, 'İzmir');

-- --------------------------------------------------------

--
-- Tablo için tablo yapısı `county`
--

DROP TABLE IF EXISTS `county`;
CREATE TABLE IF NOT EXISTS `county` (
  `county_ID` int(4) NOT NULL AUTO_INCREMENT,
  `city_ID` int(2) NOT NULL,
  `county_name` varchar(50) COLLATE utf8_turkish_ci NOT NULL,
  PRIMARY KEY (`county_ID`)
) ENGINE=MyISAM AUTO_INCREMENT=136 DEFAULT CHARSET=utf8 COLLATE=utf8_turkish_ci;

--
-- Tablo döküm verisi `county`
--

INSERT INTO `county` (`county_ID`, `city_ID`, `county_name`) VALUES
(1, 1, 'Akyurt'),
(2, 1, 'Bala'),
(3, 1, 'Çankaya'),
(4, 1, 'Etimesgut'),
(5, 1, 'Güdül'),
(6, 1, 'Kazan'),
(7, 1, 'Mamak'),
(8, 1, 'Pursaklar'),
(9, 1, 'Yenimahalle'),
(10, 1, 'Altındağ'),
(11, 1, 'Beypazarı'),
(12, 1, 'Çubuk'),
(13, 1, 'Evren'),
(14, 1, 'Haymana'),
(15, 1, 'Keçiören'),
(16, 1, 'Nallıhan'),
(17, 1, 'Sincan'),
(18, 1, 'Ayaş'),
(19, 1, 'Çamlıdere'),
(20, 1, 'Elmadağ'),
(21, 1, 'Gölbaşı'),
(22, 1, 'Kalecik'),
(23, 1, 'Kızılcahamam'),
(24, 1, 'Polatlı'),
(25, 1, 'Şereflikoçhisar'),
(26, 2, 'Adalar'),
(27, 2, 'Avcılar'),
(28, 2, 'Bakırköy'),
(29, 2, 'Beşiktaş'),
(30, 2, 'Beyoğlu'),
(31, 2, 'Çekmeköy'),
(32, 2, 'Eyüp'),
(33, 2, 'Güngören'),
(34, 2, 'Kartal'),
(35, 2, 'Pendik'),
(36, 2, 'Silivri'),
(37, 2, 'Şile'),
(38, 2, 'Ümraniye'),
(39, 2, 'Arnavutköy'),
(40, 2, 'Bağcılar'),
(41, 2, 'Başakşehir'),
(42, 2, 'Beykoz'),
(43, 2, 'Büyükçekmece'),
(44, 2, 'Esenler'),
(45, 2, 'Fatih'),
(46, 2, 'Kadıköy'),
(47, 2, 'Küçükçekmece'),
(48, 2, 'Sancaktepe'),
(49, 2, 'Sultanbeyli'),
(50, 2, 'Şişli'),
(51, 2, 'Üsküdar'),
(52, 2, 'Ataşehir'),
(53, 2, 'Bahçelievler'),
(54, 2, 'Bayrampaşa'),
(55, 2, 'Beylikdüzü'),
(56, 2, 'Çatalca'),
(57, 2, 'Esenyurt'),
(58, 2, 'Gaziosmanpaşa'),
(59, 2, 'Kağıthane'),
(60, 2, 'Maltepe'),
(61, 2, 'Sarıyer'),
(62, 2, 'Sultangazi'),
(63, 2, 'Tuzla'),
(64, 2, 'Zeytinburnu'),
(65, 3, 'Aliağa'),
(66, 3, 'Bayraklı'),
(67, 3, 'Bornova'),
(68, 3, 'Çeşme'),
(69, 3, 'Foça'),
(70, 3, 'Karabağlar'),
(71, 3, 'Kemalpaşa'),
(72, 3, 'Konak'),
(73, 3, 'Ödemiş'),
(74, 3, 'Tire'),
(75, 3, 'Balçova'),
(76, 3, 'Bergama'),
(77, 3, 'Buca'),
(78, 3, 'Çiğli'),
(79, 3, 'Gaziemir'),
(80, 3, 'Karaburun'),
(81, 3, 'Kınık'),
(82, 3, 'Menemen'),
(83, 3, 'Seferihisar'),
(84, 3, 'Torbalı'),
(85, 3, 'Bayındır'),
(86, 3, 'Beydağ'),
(87, 3, 'Cumaovası'),
(88, 3, 'Dikili'),
(89, 3, 'Güzelbahçe'),
(90, 3, 'Karşıyaka'),
(91, 3, 'Kiraz'),
(92, 3, 'Narlıdere'),
(93, 3, 'Selçuk'),
(94, 3, 'Urla');

-- --------------------------------------------------------

--
-- Tablo için tablo yapısı `school`
--

DROP TABLE IF EXISTS `school`;
CREATE TABLE IF NOT EXISTS `school` (
  `school_ID` int(4) NOT NULL AUTO_INCREMENT,
  `county_ID` int(3) NOT NULL,
  `school_name` varchar(75) COLLATE utf8_turkish_ci NOT NULL,
  PRIMARY KEY (`school_ID`)
) ENGINE=MyISAM AUTO_INCREMENT=537 DEFAULT CHARSET=utf8 COLLATE=utf8_turkish_ci;

--
-- Tablo döküm verisi `school`
--

INSERT INTO `school` (`school_ID`, `county_ID`, `school_name`) VALUES
(1, 1, 'Kozayağı İlkokulu '),
(2, 1, 'Elecik İlkokulu'),
(3, 1, 'Saracalar Ortaokulu'),
(4, 1, 'Büğdüz Ortaokulu'),
(5, 2, 'Bala İlkokulu'),
(6, 2, 'Mehmet Naim İlkokulu'),
(7, 2, 'Bala Ortaokulu'),
(8, 2, 'İMKB Ortaokulu'),
(9, 3, 'Çankaya İlkokulu'),
(10, 3, 'Mehmet Tezer İlkokulu'),
(11, 3, 'Celal Aydın Ortaokulu'),
(12, 3, 'Halide Edip Adıvar Ortaokulu'),
(13, 4, 'Pir Sultan Abdal İlkokulu'),
(14, 4, 'İstiklal İlkokulu'),
(15, 4, 'Nurettin Ersin Ortaokulu'),
(16, 4, 'Güzelkent Ortaokulu'),
(17, 5, 'Güdül İlkokulu'),
(18, 5, 'Mehmet Özkent İlkokulu'),
(19, 5, 'Güdül Ortaokulu'),
(20, 5, 'Sevinç Bayram Ortaokulu'),
(21, 6, 'Kazan İlkokulu'),
(22, 6, 'Kazan Mehmet Usta İlkokulu'),
(23, 6, 'Kazan Ortaokulu'),
(24, 6, 'Şahin Ortaokulu'),
(25, 7, 'Zeki Tartaç İlkokulu'),
(26, 7, 'Süleyman Nazif İlkokulu'),
(27, 7, 'Barbaros Hayreddin Paşa Ortaokulu '),
(28, 7, 'Metehan Ortaokulu'),
(29, 8, 'Tebessüm İlkokulu'),
(30, 8, 'Pursaklar Yenikent İlkokulu'),
(31, 8, 'Pursaklar Ortaokulu'),
(32, 8, 'Nenehatun Ortaokulu'),
(33, 9, 'Yenimahalle İlkokulu'),
(34, 9, 'Mehmet Çimen İlkokulu'),
(35, 9, 'Safi Naim Ortaokulu'),
(36, 9, 'Asuman Altay Ortaokulu'),
(37, 10, 'Altındağ Ali Kaptan İlkokulu'),
(38, 10, 'Işıklar İlkokulu'),
(39, 10, 'Seymenler Ortaokulu'),
(40, 10, 'Battalgazi Ortaokulu'),
(41, 11, 'Faruk Kefelioğlu İlkokulu'),
(42, 11, 'Gazipaşa İlkokulu'),
(43, 11, 'Kırbaşı Ortaokulu'),
(44, 11, 'Beypazarı Ortaokulu'),
(45, 12, 'Çubuk İlkokulu'),
(46, 12, 'Yıldırım Beyazıt İlkokulu'),
(47, 12, 'Çubuk Ortaokulu'),
(48, 12, 'Çubuk Öncü Ortaokulu'),
(49, 13, 'Evren İlkokulu'),
(50, 13, 'Peyami Safa İlkokulu'),
(51, 13, 'Evren Ortaokulu'),
(52, 13, 'Evren Cumhuriyet Ortaokulu'),
(53, 14, 'Haymana İlkokulu'),
(54, 14, 'Gelişim İlkokulu'),
(55, 14, 'Haymana Ortaokulu'),
(56, 14, 'Güzelyurt Ortaokulu'),
(57, 15, 'Etlik İlkokulu'),
(58, 15, 'Aşağı Eğlence İlkokulu'),
(59, 15, 'Keçiören Ortaokulu'),
(60, 15, 'Etlik Ortaokulu'),
(61, 16, 'Nallıhan İlkokulu'),
(62, 16, 'Nallıhan Çökertme İlkokulu'),
(63, 16, 'Nallıhan Ortaokulu'),
(64, 16, '50.Yıl Ortaokulu'),
(65, 17, 'Sincan İlkokulu'),
(66, 17, 'Kurtaran İlkokulu'),
(67, 17, 'Sincan Ortaokulu'),
(68, 17, 'Samanyolu Ortaokulu'),
(69, 18, 'Ayaş Nazım Bedir İlkokulu'),
(70, 18, 'Mehmet Turgut İlkokulu'),
(71, 18, 'Ayaş Ortaokulu'),
(72, 18, 'Tutku Birben Ortaokulu'),
(73, 19, 'Çamlıdere İlkokulu'),
(74, 19, 'Bahar Genç İlkokulu'),
(75, 19, 'Menşure Koçer Ortaokulu'),
(76, 19, 'Çamlıdere Ortaokulu'),
(77, 20, 'Gümüşpala İlkokulu'),
(78, 20, 'Üçevler İlkokulu'),
(79, 20, 'Elmadağ Ortaokulu'),
(80, 20, 'Karacahasan Ortaokulu'),
(81, 21, 'Gölbaşı İlkokulu'),
(82, 21, 'Şener Gündem İlkokulu'),
(83, 21, 'Nesibe Aydın Ortaokulu'),
(84, 21, 'Ahmet Hasan Ortaokulu'),
(85, 22, 'Kalecik İlkokulu'),
(86, 22, 'Murat Dürdane İlkokulu'),
(87, 22, 'Kalecik Ortaokulu'),
(88, 22, 'Cemil Yıldırım Ortaokulu'),
(89, 23, 'Kızılcahamam İlkokulu'),
(90, 23, 'Kazım Karabekir İlkokulu'),
(91, 23, 'Orhangazi Ortaokulu'),
(92, 23, 'Perihan Erdoğan Ortaokulu'),
(93, 24, 'Polatlı İlkokulu'),
(94, 24, 'Yenimehmetli İlkokulu'),
(95, 24, 'Esentepe Ortaokulu'),
(96, 24, 'Genç Osman Ortaokulu'),
(97, 25, 'Gülhüyük İlkokulu'),
(98, 25, 'Şereflikoçhisar TOKI İlkokulu'),
(99, 25, 'Çalören Ortaokulu'),
(100, 25, 'Şereflikoçhisar Ortaokulu'),
(101, 26, 'Heybeliada İlkokulu'),
(102, 26, 'Kınalıada Mehmetçik İlkokulu'),
(103, 26, 'Büyükada 125.Yıl Ortaokulu'),
(104, 26, 'Heybeliada Ortaokulu'),
(105, 27, 'İnönü İlkokulu'),
(106, 27, 'Şehit Şerife Bacı İlkokulu'),
(107, 27, 'Necdet Semker Ortaokulu'),
(108, 27, 'Firüzköy Ortaokulu'),
(109, 28, 'Şenlikköy İlkokulu'),
(110, 28, 'Pilot Cengiz Topel İlkokulu'),
(111, 28, 'İbni Sina Ortaokulu'),
(112, 28, 'Aybars Ak Ortaokulu'),
(113, 29, 'Murat Beyaz İlkokulu'),
(114, 29, 'Süheyla Artam İlkokulu'),
(115, 29, 'Beşiktaş Ortaokulu'),
(116, 29, 'Hasan Ali Yücel Ortaokulu'),
(117, 30, 'Beyoğlu İlkokulu'),
(118, 30, 'Mareşal Fevzi Çakmak İlkokulu'),
(119, 30, 'Beyoğlu Ortaokulu'),
(120, 30, 'Kemal Çağlayan Ortaokulu'),
(121, 31, 'Çekmeköy İlkokulu'),
(122, 31, 'Nida Tezer İlkokulu'),
(123, 31, 'Çekmeköy Ortaokulu'),
(124, 31, 'Mithat Geçen Ortaokulu'),
(125, 32, 'Koca Hasan İlkokulu'),
(126, 32, 'Eyüp 100.Yıl İlkokulu'),
(127, 32, 'Eyüp Rahmi Öz Ortaokulu'),
(128, 32, 'Eyüp Ortaokulu'),
(129, 33, 'Güngören İlkokulu'),
(130, 33, 'Nazım Hikmet İlkokulu'),
(131, 33, 'Kemalettin Tuğcu Ortaokulu'),
(132, 33, 'Güngören Ortaokulu'),
(133, 34, 'Kartal İlkokulu'),
(134, 34, 'Menekşe İlkokulu'),
(135, 34, 'Pınar Tekin Ortaokulu'),
(136, 34, 'Kartal Ortaokulu'),
(137, 35, 'Pendik İlkokulu'),
(138, 35, 'Bedevi Canbaz İlkokulu'),
(139, 35, 'Pendik Ortaokulu'),
(140, 35, 'Kılıçaslan Ortaokulu'),
(141, 36, 'Silivri İlkokulu'),
(142, 36, 'Kemal Öz İlkokulu'),
(143, 36, 'Silivri Ortaokulu'),
(144, 36, 'Tahir Yeminli Ortaokulu'),
(145, 37, 'Şile İlkokulu'),
(146, 37, 'Zeki Müren İlkokulu'),
(147, 37, 'Şile Ortaokulu'),
(148, 37, '60.Yıl Ortaokulu'),
(149, 38, 'Şehit Nedim Arpak İlkokulu'),
(150, 38, 'Ümraniye İlkokulu'),
(151, 38, 'Ümraniye Ortaokulu'),
(152, 38, 'Selin Toker Ortaokulu'),
(153, 39, 'Arnavutköy İlkokulu'),
(154, 39, 'Saadettin Kemal İlkokulu'),
(155, 39, 'Arnavutköy Ortaokulu'),
(156, 39, 'Sadi Kaptan Ortaokulu'),
(157, 40, 'Bağcılar İlkokulu'),
(158, 40, 'Güneşli İlkokulu'),
(159, 40, 'Güneşli Ortaokulu'),
(160, 40, 'Bağcılar Ortaokulu'),
(161, 41, 'Ahmet Kabaklı İlkokulu'),
(162, 41, 'Tepe İlkokulu'),
(163, 41, 'Tepe Ortaokulu'),
(164, 41, 'Abdi İbrahim Ortaokulu'),
(165, 42, 'Semiha Kıraç İlkokulu'),
(166, 42, 'Medeni Bahir İlkokulu'),
(167, 42, 'Beykoz Ortaokulu'),
(168, 42, 'Petek Bilir Ortaokulu'),
(169, 43, 'Büyükçekmece İlkokulu'),
(170, 43, 'Yasin Durmaz İlkokulu'),
(171, 43, 'Büyükçekmece Ortaokulu'),
(172, 43, 'Cihan Topçu Ortaokulu'),
(173, 44, 'Esenler İlkokulu'),
(174, 44, 'Karabayır İlkokulu'),
(175, 44, 'Karabayır Ortaokulu'),
(176, 44, 'Uğur Mumcu Ortaokulu'),
(177, 45, 'Fatih Sultan Mehmet İlkokulu'),
(178, 45, 'Harbiye İlkokulu'),
(179, 45, 'Fatih Ortaokulu'),
(180, 45, 'Hasan Özdemir Ortaokulu'),
(181, 46, 'Kadıköy İlkokulu'),
(182, 46, 'Mehmet Cem İlkokulu'),
(183, 46, 'Kadıköy Ortaokulu'),
(184, 46, 'Kandilli Ortaokulu'),
(185, 47, 'Küçükçekmece İlkokulu'),
(186, 47, 'Altınşehir İlkokulu'),
(187, 47, 'Altınşehir Ortaokulu'),
(188, 47, 'Cemal Süreya Ortaokulu'),
(189, 48, 'Sancaktepe İlkokulu'),
(190, 48, 'Fikret Çağlar İlkokulu'),
(191, 48, 'Sancaktepe Ortaokulu'),
(192, 48, 'Melisa Sezen Ortaokulu'),
(193, 49, 'Sultanbeyli İlkokulu'),
(194, 49, 'Bayrak İlkokulu'),
(195, 49, 'Sultanbeyli Ortaokulu'),
(196, 49, 'Sultanbeyli Gelişim Ortaokulu'),
(197, 50, 'Şişli İlkokulu'),
(198, 50, 'Hüseyin Mehmet İlkokulu'),
(199, 50, 'Şişli Ortaokulu'),
(200, 50, 'Köprücü Nazım Ortaokulu'),
(201, 51, 'Üsküdar İlkokulu'),
(202, 51, 'Irmak İlkokulu'),
(203, 51, 'Üsküdar Ortaokulu'),
(204, 51, 'Mehmet Karamacı Ortaokulu'),
(205, 52, 'Ataşehir İlkokulu'),
(206, 52, 'Feridun Tümer İlkokulu'),
(207, 52, 'Ataşehir Ortaokulu'),
(208, 52, 'Nilüfer Ortaokulu'),
(209, 53, 'Bahçelievler İlkokulu'),
(210, 53, 'Talatpaşa İlkokulu'),
(211, 53, 'Bahçelievler Ortaokulu'),
(212, 53, 'Mustafa Sarıgül Ortaokulu'),
(213, 54, 'Bayrampaşa İlkokulu'),
(214, 54, 'Hüseyin Ersu İlkokulu'),
(215, 54, 'Esentepe Ortaokulu'),
(216, 54, 'Bayrampaşa Ortaokulu'),
(217, 55, 'Beylikdüzü İlkokulu'),
(218, 55, 'Ormanlı İlkokulu'),
(219, 55, 'Kestanelik Ortaokulu'),
(220, 55, 'Beylikdüzü Ortaokulu'),
(221, 56, 'Çatalca İlkokulu'),
(222, 56, 'Subaşı İlkokulu'),
(223, 56, 'Yalıköy Ortaokulu'),
(224, 56, 'Çatalca Ortaokulu'),
(225, 57, 'Esenyurt İlkokulu'),
(226, 57, 'Bayramlı İlkokulu'),
(227, 57, 'Esenyurt Ortaokulu'),
(228, 57, 'Hallaçlı Ortaokulu'),
(229, 58, 'Gaziosmanpaşa İlkokulu'),
(230, 58, 'Mehmet Emin Demirci İlkokulu'),
(231, 58, 'Koca Yusuf Ortaokulu'),
(232, 58, 'Gaziosmanpaşa Ortaokulu'),
(233, 59, 'Kağıthane İlkokulu'),
(234, 59, 'İsmet İnönü İlkokulu'),
(235, 59, 'Kağıthane Ortaokulu'),
(236, 59, 'Ferhatpaşa Ortaokulu'),
(237, 60, 'Maltepe İlkokulu'),
(238, 60, 'Necatibey İlkokulu'),
(239, 60, 'Maltepe Ortaokulu'),
(240, 60, 'Karlıtepe Ortaokulu'),
(241, 61, 'Sarıyer İlkokulu'),
(242, 61, 'Kemal Tezcan İlkokulu'),
(243, 61, 'Sarıyer Ortaokulu'),
(244, 61, 'Dobruca Ortaokulu'),
(245, 62, 'Sultangazi İlkokulu'),
(246, 62, 'Vehep Bey İlkokulu'),
(247, 62, 'Sultangazi Ortaokulu'),
(248, 62, 'Preveze Ortaokulu'),
(249, 63, 'Alparslan İlkokulu'),
(250, 63, 'Tuzla İlkokulu'),
(251, 63, 'Tuzla Ortaokulu'),
(252, 63, 'Ertuğrul Gazi Ortaokulu'),
(253, 64, 'Zeytinburnu İlkokulu'),
(254, 64, 'Kanuni Sultan Süleyman İlkokulu'),
(255, 64, 'Zeytinburnu Ortaokulu'),
(256, 64, 'Hüsrev Paşa Ortaokulu'),
(257, 65, 'Aliağa İlkokulu'),
(258, 65, 'Gazi Ahmet Paşa İlkokulu'),
(259, 65, 'Aliağa Ortaokulu'),
(260, 65, 'Atatürk Ortaokulu'),
(261, 66, 'Hasan Tahsin İlkokulu'),
(262, 66, 'Yeni Bayraklı İlkokulu'),
(263, 66, 'Bayraklı Ortaokulu'),
(264, 66, 'Mehmet Haseki Ortaokulu'),
(265, 67, 'Bornova İlkokulu'),
(266, 67, 'Mithat Paşa İlkokulu'),
(267, 67, 'Bornova Ortaokulu'),
(268, 67, 'Kazım Dirik Ortaokulu'),
(269, 68, 'Çeşme İlkokulu'),
(270, 68, 'Canlı 60.Yıl İlkokulu'),
(271, 68, 'Çeşme Ortaokulu'),
(272, 68, 'Erdal Canbulat Ortaokulu'),
(273, 69, 'Foça İlkokulu'),
(274, 69, 'Aktepe İlkokulu'),
(275, 69, 'Mustafa Mutlu Ortaokulu'),
(276, 69, 'Foça Ortaokulu'),
(277, 70, 'Karabağlar İlkokulu'),
(278, 70, 'Ataköy İlkokulu'),
(279, 70, 'Karabağlar Ortaokulu'),
(280, 70, 'Yeniköy Ortaokulu'),
(281, 71, 'Kemalpaşa İlkokulu'),
(282, 71, 'Turan İlkokulu'),
(283, 71, 'Cumhuriyet 100.Yıl Ortaokulu'),
(284, 71, 'Altıntepe Ortaokulu'),
(285, 72, 'Konak İlkokulu'),
(286, 72, 'Gültepe İlkokulu'),
(287, 72, 'Konak Ortaokulu'),
(288, 72, 'Gültepe Nazım Hikmet Ortaokulu'),
(536, 94, 'Başöğretmen Ortaokulu'),
(535, 94, 'Urla Ortaokulu'),
(534, 94, 'Yıldırım Kemal Bey İlkokulu'),
(533, 94, 'Urla İlkokulu'),
(532, 93, 'Çamaltı Ortaokulu'),
(531, 93, 'Selçuk Ortaokulu'),
(530, 93, 'Ören İlkokulu'),
(529, 93, 'Selçuk İlkokulu'),
(528, 92, 'Hürriyet Ortaokulu'),
(527, 92, 'Narlıdere Kuşaklı Ortaokulu'),
(526, 92, 'Bağyurdu İlkokulu'),
(525, 92, 'Narlıdere İlkokulu'),
(524, 91, 'Akalan Ortaokulu'),
(523, 91, 'Kiraz Ortaokulu'),
(522, 91, 'Sekiz Eylül İlkokulu'),
(521, 91, 'Kiraz İlkokulu'),
(520, 90, '75.Yıl Cumhuriyet Ortaokulu'),
(519, 90, 'Karşıyaka Ortaokulu'),
(518, 90, 'Gezmiş İlkokulu'),
(517, 90, 'Karşıyaka İlkokulu'),
(516, 89, 'Yalı Ortaokulu'),
(515, 89, 'Güzelbahçe Ortaokulu'),
(514, 89, 'Mahmutpaşa İlkokulu'),
(513, 89, 'Güzelbahçe İlkokulu'),
(512, 88, 'Kurudere Ortaokulu'),
(511, 88, 'Dikili Ortaokulu'),
(510, 88, 'Dikili İlkokulu'),
(509, 88, '80.Yıl İlkokulu'),
(508, 87, 'Menderes Ortaokulu'),
(507, 87, 'Cumaovası Ortaokulu'),
(506, 87, 'Cumaovası İlkokulu'),
(505, 87, 'Sütçüler İlkokulu'),
(504, 86, 'Beydağ Ortaokulu'),
(503, 86, 'Zennure Ortaokulu'),
(502, 86, 'Kamberler İlkokulu'),
(494, 84, 'Kuvayi Milliye İlkokulu'),
(493, 84, 'Torbalı İlkokulu'),
(492, 83, 'Nuray Arslan Ortaokulu'),
(491, 83, 'Seferihisar Ortaokulu'),
(490, 83, 'Kızılca İlkokulu'),
(489, 83, 'Seferihisar İlkokulu'),
(488, 82, 'Mürşide Akyüz Ortaokulu'),
(487, 82, 'Menemen Ortaokulu'),
(486, 82, 'Kubilay İlkokulu'),
(485, 82, 'Menemen İlkokulu'),
(484, 81, 'Kenan Gamsız Ortaokulu'),
(483, 81, 'Kınık Ortaokulu'),
(482, 81, '70.Yıl İlkokulu'),
(481, 81, 'Kınık İlkokulu'),
(480, 80, 'Kiremit Ortaokulu'),
(479, 80, 'Karaburun Ortaokulu'),
(478, 80, 'Menteşe İlkokulu'),
(477, 80, 'Karaburun İlkokulu'),
(476, 79, 'Sultan Süleyman Ortaokulu'),
(475, 79, 'Gaziemir Ortaokulu'),
(474, 79, 'Abdülhamit İlkokulu'),
(473, 79, 'Gaziemir İlkokulu'),
(472, 78, 'İnci Şener Ortaokulu'),
(471, 78, 'Çiğli Ortaokulu'),
(470, 78, 'Gülsefa Firdevs İlkokulu'),
(469, 78, 'Çiğli İlkokulu'),
(468, 77, 'Buca Ortaokulu'),
(467, 77, 'Şehit Musa Varol Ortaokulu'),
(466, 77, 'Kahraman Necip İlkokulu'),
(465, 77, 'Buca İlkokulu'),
(464, 76, 'Namık Kemal Ortaokulu'),
(463, 76, 'Bergama Ortaokulu'),
(462, 76, 'Bergama İlkokulu'),
(461, 76, 'Şinasi İlkokulu'),
(460, 75, 'Muhittin Sarı Ortaokulu'),
(459, 75, 'Balçova Ortaokulu'),
(458, 75, 'Nuri Menteş İlkokulu'),
(457, 75, 'Balçova İlkokulu'),
(456, 74, 'Mirza Nil Ortaokulu'),
(455, 74, 'Tire Ortaokulu'),
(454, 74, 'Engin Hayri İlkokulu'),
(453, 74, 'Tire İlkokulu'),
(452, 73, 'Emlak Bankası Ortaokulu'),
(451, 73, 'Ödemiş Ortaokulu'),
(450, 73, 'Şemikler İlkokulu'),
(449, 73, 'Ödemiş İlkokulu'),
(501, 86, 'Beydağ İlkokulu'),
(500, 85, '93.Yıl Ortaokulu'),
(499, 85, 'Bayındır Ortaokulu'),
(498, 85, 'Merkez Atatürk İlkokulu'),
(497, 85, 'Bayındır İlkokulu'),
(496, 84, 'Aşağıkızılca Ortaokulu'),
(495, 84, 'Torbalı Ortaokulu');

-- --------------------------------------------------------

--
-- Tablo için tablo yapısı `sending_report`
--

DROP TABLE IF EXISTS `sending_report`;
CREATE TABLE IF NOT EXISTS `sending_report` (
  `ID` bigint(11) NOT NULL AUTO_INCREMENT,
  `full_name` varchar(40) COLLATE utf8_turkish_ci NOT NULL,
  `age` varchar(11) COLLATE utf8_turkish_ci NOT NULL,
  `city` varchar(50) COLLATE utf8_turkish_ci NOT NULL,
  `county` varchar(50) COLLATE utf8_turkish_ci NOT NULL,
  `school` varchar(70) COLLATE utf8_turkish_ci NOT NULL,
  `confirm` varchar(30) COLLATE utf8_turkish_ci NOT NULL,
  PRIMARY KEY (`ID`),
  UNIQUE KEY `full_name` (`full_name`)
) ENGINE=MyISAM AUTO_INCREMENT=94991238840 DEFAULT CHARSET=utf8 COLLATE=utf8_turkish_ci;

--
-- Tablo döküm verisi `sending_report`
--

INSERT INTO `sending_report` (`ID`, `full_name`, `age`, `city`, `county`, `school`, `confirm`) VALUES
(49751043744, 'Ali Akıntürk', '5', 'Ankara', 'Çankaya', 'Celal Aydın Ortaokulu', 'Approved'),
(40547350626, 'Tuğba Koçer', '5', 'İzmir', 'Karabağlar', 'Karabağlar Ortaokulu', 'Approved'),
(70986968878, 'Soner Cesuryürek', '9', 'İstanbul', 'Çekmeköy', 'Nida Tezer İlkokulu', 'Approved'),
(75644578826, 'Bahattin Ağrılı', '5', 'Ankara', 'Yenimahalle', 'Safi Naim Ortaokulu', 'Approved'),
(30308711384, 'Ertan Falaka', '9', 'İstanbul', 'Eyüp', 'Koca Hasan İlkokulu', 'Approved'),
(48556355540, 'Mustafa Küçük', '5', 'İstanbul', 'Avcılar', 'Şehit Şerife Bacı İlkokulu', 'Approved'),
(56962878348, 'Recep Abdioğlu', '9', 'İstanbul', 'Avcılar', 'Necdet Semker Ortaokulu', 'Approved'),
(78543128918, 'Muhammet Kardeş', '9', 'İstanbul', 'Çekmeköy', 'Çekmeköy Ortaokulu', 'Approved'),
(58602431690, 'Anıl Alpak', '5', 'İstanbul', 'Bakırköy', 'İbni Sina Ortaokulu', 'Approved'),
(92357439978, 'Nevincan Yapılı', '9', 'İstanbul', 'Çekmeköy', 'Çekmeköy İlkokulu', 'Approved'),
(47541910764, 'İshak Özükara', '9', 'İzmir', 'Karabağlar', 'Ataköy İlkokulu', 'Approved'),
(32459802294, 'Aslı Doğan', '9', 'Ankara', 'Akyurt', 'Kozayağı İlkokulu ', 'Approved'),
(25787185542, 'Mehmet Yıldız', '5', 'Ankara', 'Etimesgut', 'Güzelkent Ortaokulu', 'Approved'),
(37589262552, 'Mevlüt Can Kocaarslan', '9', 'Ankara', 'Akyurt', 'Kozayağı İlkokulu ', 'Approved'),
(84619961228, 'Hüseyin Öğüt', '5', 'İstanbul', 'Bakırköy', 'Şenlikköy İlkokulu', 'Approved'),
(55767645308, 'İsmail Er', '5', 'İstanbul', 'Bakırköy', 'Pilot Cengiz Topel İlkokulu', 'Approved'),
(33595474628, 'Belkıs Gökçöl', '9', 'Ankara', 'Bala', 'Mehmet Naim İlkokulu', 'Approved'),
(52776107094, 'Kayahan Boz', '9', 'Ankara', 'Akyurt', 'Kozayağı İlkokulu ', 'Approved'),
(89871448920, 'Mustafa Ateş', '5', 'İzmir', 'Karabağlar', 'Ataköy İlkokulu', 'Approved'),
(33931913484, 'Eşref Çitkesen', '5', 'Ankara', 'Akyurt', 'Elecik İlkokulu', 'Approved'),
(21929596542, 'Mehmet Celep', '5', 'İstanbul', 'Bakırköy', 'Pilot Cengiz Topel İlkokulu', 'Approved');

-- --------------------------------------------------------

--
-- Tablo için tablo yapısı `student_info`
--

DROP TABLE IF EXISTS `student_info`;
CREATE TABLE IF NOT EXISTS `student_info` (
  `ID` bigint(11) NOT NULL,
  `password` int(10) NOT NULL,
  `full_name` varchar(50) COLLATE utf8_turkish_ci NOT NULL,
  `age` varchar(11) COLLATE utf8_turkish_ci NOT NULL,
  PRIMARY KEY (`ID`)
) ENGINE=MyISAM DEFAULT CHARSET=utf8 COLLATE=utf8_turkish_ci;

--
-- Tablo döküm verisi `student_info`
--

INSERT INTO `student_info` (`ID`, `password`, `full_name`, `age`) VALUES
(40547350626, 1895632917, 'Tuğba Koçer', '5'),
(31252763122, 1235392602, 'Fikri Kılınçteke', '9'),
(80937125892, 1973763244, 'Mehmet Kayalık', '5'),
(51069226696, 1593246343, 'Haydar Kırıkhan', '9'),
(92357439978, 2130569853, 'Nevincan Yapılı', '9'),
(60503586722, 1033383391, 'Yalçın Türkmen', '5'),
(49751043744, 1975185875, 'Ali Akıntürk', '5'),
(70986968878, 2119369484, 'Soner Cesuryürek', '9'),
(97829493618, 1719412221, 'Cemil Uykulu', '9'),
(33931913484, 1857327465, 'Eşref Çitkesen', '5'),
(47408544736, 1694375843, 'İbrahim Karatay', '5'),
(47541910764, 1448237592, 'İshak Özükara', '9'),
(75644578826, 2009845382, 'Bahattin Ağrılı', '5'),
(92137736648, 2060259968, 'Memduh Oğuzcebe', '9'),
(84261598698, 1968374638, 'Abdulkadir Yıldız', '9'),
(19391533318, 1009857382, 'Yakup Kırmızı', '5'),
(90187597646, 1118576343, 'Selim Cansever', '9'),
(21929596542, 1500868604, 'Mehmet Celep', '5'),
(30308711384, 1498887364, 'Ertan Falaka', '9'),
(30500180254, 1599872671, 'Yunus Biçici', '9'),
(73616649024, 1229994348, 'Ali Çelik', '9'),
(78543128918, 16213894, 'Muhammet Kardeş', '9'),
(99825249008, 21938312, 'Veysel Avşar', '5'),
(65852978976, 9004834, 'Metin Türk', '9'),
(62090073142, 87290189, 'Faysal Sarı', '9'),
(43893479096, 6573462, 'Abdullah Köroğlu', '5'),
(30461227500, 9854358, 'Bircan Seyran', '9'),
(36874358824, 753824, 'Doğan Aydıncık', '5'),
(30685667618, 8117237, 'Ethem Erdoğdu', '5'),
(21231353864, 7516623, 'Hüseyin Esentepe', '5'),
(36863829106, 832473242, 'Hilal Özen', '5'),
(13116070010, 992834237, 'Ayşe Yılmaz', '9'),
(19824111366, 3948342, 'Murat Yılmaz', '9'),
(96034217798, 28283734, 'Ali Yarkın', '5'),
(15870606542, 2834273, 'Levent Uysal', '5'),
(71216422016, 84374372, 'Özcan Koç', '9'),
(57460802316, 9324273, 'Resmiye Günaydın', '9'),
(12696117788, 71238, 'Hamza Demir', '5'),
(64849761836, 1885983, 'Feride Yılmaz', '9'),
(89674659004, 2000777843, 'Taner Yener', '5'),
(40252404584, 984983597, 'Bahriye Tuzcu', '9'),
(16200826982, 3747854, 'Kemal Öksüz', '5'),
(27760993250, 55632348, 'Öznur Demiral', '9'),
(90529517592, 93485121, 'Erhan Şahin', '9'),
(84619961228, 11127364, 'Hüseyin Öğüt', '5'),
(81072596974, 182374414, 'Muhammet Eroğlu', '5'),
(55035415480, 1521112398, 'Süleyman Küçük', '5'),
(15714924610, 222766521, 'Sıtkı Baş', '9'),
(16304582616, 846727111, 'İlhan Miraboğlu', '9'),
(25787185542, 44841373, 'Mehmet Yıldız', '5'),
(44350478454, 53465913, 'Mehmet Çetin', '9'),
(75183136082, 1576309800, 'Ahmet Türkmen', '5'),
(32459802294, 90043287, 'Aslı Doğan', '9'),
(34240682818, 8198475, 'Mehmet Kocatürk', '5'),
(98150602618, 88110033, 'Miray Canoğlu', '9'),
(97626741158, 229988471, 'Osman Özdil', '5'),
(43697364260, 45549889, 'Selin Demirel', '9'),
(60996688170, 70009743, 'Sinem Ekin', '9'),
(26931464162, 1398752110, 'Yunus Serin', '5'),
(33595474628, 900127465, 'Belkıs Gökçöl', '9'),
(65619106116, 943858211, 'İbrahim Taşçı', '5'),
(52776107094, 90002311, 'Kayahan Boz', '9'),
(91607400300, 1099023, 'Mehmet Ceylin', '9'),
(36071325490, 87400012, 'Muhammet Bay', '5'),
(94178658750, 4000123, 'Murat Yükselen', '9'),
(75562709944, 7083741, 'Suat Aydın', '5'),
(73667357060, 77782371, 'Süleyman Doğan', '9'),
(64628078438, 44910231, 'Şükrü Pekmez', '9'),
(78983309748, 1002938412, 'Zekeriya Özgün', '9'),
(70767346246, 60021139, 'Ayşe Emekçi', '5'),
(12765575402, 3031283, 'Fadime Bayın', '5'),
(89871448920, 84737281, 'Mustafa Ateş', '5'),
(13925738828, 445766123, 'İhsan Yavuz', '9'),
(55767645308, 200988841, 'İsmail Er', '5'),
(84585879824, 676748127, 'Mehmet Erbal', '9'),
(50065940650, 89100293, 'Salih Özgün', '5'),
(98615800580, 80776361, 'Esra Çetin', '9'),
(96094692016, 30090085, 'Mustafa Kocatürk', '5'),
(85436773148, 500400987, 'Mesut Güleryüz', '9'),
(16111589518, 10020043, 'Soner Çetin', '5'),
(69909327960, 987412800, 'İrem Çobantürk', '9'),
(73465656372, 50098100, 'Mustafa Gökçöl', '5'),
(55553907740, 55566823, 'Mevlüde Demir', '9'),
(48556355540, 33033048, 'Mustafa Küçük', '5'),
(56962878348, 99098841, 'Recep Abdioğlu', '9'),
(28004902342, 88855763, 'Sultan Sözeri', '9'),
(98472270076, 11100994, 'Cemal Sonsöz', '9'),
(61417069172, 30405086, 'Cevdet Şeker', '9'),
(64077412326, 5009010, 'İsmail Yapıcı', '5'),
(71014785610, 76538812, 'Kerim Eribal', '9'),
(42994187138, 970076231, 'Suzan Gülen', '9'),
(18684761438, 8108941, 'Hasan Çiçek', '5'),
(93061889172, 599879990, 'Sündüs Ekmekçi', '5'),
(82813194602, 880018279, 'Saliha Yüce', '5'),
(44478202450, 910510899, 'Kemal Aydın', '9'),
(12719297244, 77700039, 'Orhan Tornacı', '5'),
(78218117926, 748900031, 'Harun Çevik', '5'),
(37470203624, 400901093, 'Mustafa Konak', '9'),
(39760848768, 967812930, 'Havva Kaplan', '5'),
(33319374418, 910087003, 'Muharrem Kaplan', '9'),
(58602431690, 823487102, 'Anıl Alpak', '5'),
(37589262552, 913173758, 'Mevlüt Can Kocaarslan', '9');
COMMIT;

/*!40101 SET CHARACTER_SET_CLIENT=@OLD_CHARACTER_SET_CLIENT */;
/*!40101 SET CHARACTER_SET_RESULTS=@OLD_CHARACTER_SET_RESULTS */;
/*!40101 SET COLLATION_CONNECTION=@OLD_COLLATION_CONNECTION */;
